Authority,Authority ID
אבו בסמה,500262670
אבו גוש,500204722
אבו סנאן,500204730
אבן יהודה,500201827
אום אל-פחם,500227103
אופקים,500200316
אור יהודה,500224001
אור עקיבא,500210208
אורנית,500237607
אזור,500205653
אילת,500226006
אכסאל,500204789
אל-בטוף,500225651
אל קסום,500262696
אלונה,500232459
אליכין,500200415
אלעד,500213095
אלפי מנשה,500237508
אלקנה,500235601
אעבלין,500205299
אפרתה,500236500
אריאל,500235700
אשדוד,500200704
אשכול,500262381
אשקלון,500271002
באקה אל-גרביה,500260005
באר טוביה,500261334
באר יעקב,500225305
באר שבע,500290002
בוסתאן אל-מרג,500225669
בועיינה-נוגיידאת,500204821
בוקעאתה,500240015
ביענה,500204839
ביר אל-מכסור,500209986
בית אל,500235742
בית אריה,500236526
בית ג'ן,500204805
בית דגן,500204664
בית שאן,500292008
בית שמש,500226105
ביתר עילית,500237805
בני ברק,500261003
בני עייש,500210661
בני שמעון,500262415
בנימינה - גבעת עדה,500298005
"בסמ""ה",500213269
בסמת טבעון,500209440
ברנר,500244280
בת ים,500262001
גבעת זאב,500237300
גבעת שמואל,500206818
גבעתיים,500263009
גדיידה-מכר,500212923
גדרה,500225503
גדרות,500244322
גוליס,500204854
גולן,500229711
גוש חלב,500204870
גוש עציון,500276761
גזר,500243308
גלגוליה,500206271
גן יבנה,500201660
גן רוה,500244272
גני תקוה,500202296
גסר א-זרקא,500205414
גת,500206289
דאלית אל-כרמל,500204946
דבוריה,500204896
דימונה,500222005
דיר אל-אסד,500204904
דיר חנא,500204920
דרום השרון,500242201
הגלבוע,500223086
הגליל העליון,500221015
הגליל התחתון,500222039
הוד השרון,500297007
הערבה התיכונה,500262548
הר אדר,500237698
הר חברון,500277785
הרצליה,500264007
זבולון,500231121
זכרון יעקב,500293006
זמר,500212907
זרזיר,500209754
חבל אילות,500262530
חבל יבנה,500244298
חבל מודיעין,500242250
חדרה,500265004
חולון,500266002
חוף אשקלון,500261367
חוף הכרמל,500232152
חוף השרון,500241195
חורה,500213038
חורפיש,500204961
חיפה,500240007
חצור הגלילית,500220348
חריש-קציר,500212477
טבריה,500267000
טובא-זנגריה,500209622
טורעאן,500204987
טייבה,500227301
טירה,500227202
טירת כרמל,500221007
טמרה,500289004
יאנוח-גת,500212956
יבנאל,500200464
יבנה,500226600
יהוד-מונוסון,500213574
יואב,500261359
יסוד המעלה,500200290
יפיע,500204995
יקנעם עילית,500202403
ירוחם,500208319
ירושלים,500230008
ירכא,500205026
כאבול,500205042
כאוכב אבו אל-היגא,500205059
כוכב יאיר-צור יגאל,500212246
כסייפה,500210596
כסרא-סמיע,500212964
כעביה-טבאש-חגאגרה,500209788
כפר ברא,500206339
כפר ורדים,500212634
כפר יאסיף,500205075
כפר יונה,500201686
כפר כמא,500205083
כפר כנא,500205091
כפר מנדא,500205109
כפר סבא,500269006
כפר קאסם,500206347
כפר קרע,500206545
כפר שמריהו,500202676
כפר תבור,500200472
כרמיאל,500211396
לב השרון,500241187
להבים,500212717
לוד,500270004
לכיש,500261508
לקיה,500210604
מבואות החרמון,500221551
מבשרת ציון,500210158
מגאר,559021241
מגד אל-כרום,500205166
מגדל,500200654
מגדל העמק,500208749
מגדל שמס,500242011
מגדל תפן,500280029
מגידו,500223136
מגילות ים המלח,500275748
מודיעין-מכבים-רעות,500213517
מודיעין עלית,500237979
מזכרת בתיה,500200282
מזרעה,500205174
מטה אשר,500224043
מטה בנימין,500274733
מטה יהודה,500210265
מטולה,500200431
מיתר,500212683
מנשה,500232145
מסעדה,500242037
מעיליא,500205182
מעלה אדומים,500236161
מעלה אפרים,500236088
מעלה יוסף,500262522
מעלה עירון,500213277
מעלות-תרשיחא,500210638
מצפה רמון,500200993
מרום הגליל,500221023
מרחבים,500262423
משגב,500224563
משהד,500205208
נהריה,500291000
נווה מדבר,500262688
נוף הגליל (נצרת עילית לשעבר),500210612
נחל שורק,500244314
נחף,500205224
נס ציונה,500272000
נצרת,500273008
נשר,500225008
נתיבות,500202460
נתניה,500274006
סאגור,500205257
סביון,500205877
סחנין,500275003
עגר,500245014
עומר,500206669
עילבון,500205307
עילוט,500205117
עין מאהל,500205323
עין קיניה,500245022
עכו,500276001
עמנואל,500236609
עמק הירדן,500222062
עמק המעיינות,500223078
עמק חפר,500241161
עמק יזרעאל,500223094
עמק לוד,500243407
עספיא,500205349
עפולה,500277009
עראבה,500205315
ערבות הירדן,500275755
ערד,500225602
ערערה,500206370
ערערה בנגב,500211925
פוריידיס,500205372
פסוטה,500205356
פקיעין (בוקייעה),500205364
פרדס חנה-כרכור,500278007
פרדסיה,500201710
פתח תקווה,500279005
צור הדסה,500211131
צורן-קדימה,500201959
צפת,500280003
קדומים,500235577
קלנסווה,500206388
קצרין,500241005
קרית אונו,500226204
קרית ארבע,500236112
קרית אתא,500268008
קרית ביאליק,500295001
קרית גת,500226303
קרית טבעון,500223003
קרית ים,500296009
קרית יערים,500211370
קרית מוצקין,500282009
קרית מלאכי,500210349
קרית עקרון,500204698
קרית שמונה,500228002
קרני שומרון,500236401
ראמה,500205430
ראש העין,500226402
ראש פינה,500200266
ראשון לציון,500283007
רהט,500211610
רחובות,500284005
ריינה,500205422
רכסים,500209226
רמלה,500285002
רמת גן,500286000
רמת השרון,500226501
רמת חובב,500280011
רמת ישי,500201223
רמת נגב,500262480
רעננה,500287008
שבלי-אום אל גנם,500209135
שגב שלום,500212865
שדות נגב,500262399
שדרות,500210315
שהם,500213046
שומרון,500273727
שלומי,500208129
שעב,500205380
שער הנגב,500261375
שפיר,500261342
שפרעם,500288006
תל אביב-יפו,500250006
תל מונד,500201546
תל שבע,500210547
תמר,500262514
